Symbol,Current Price,Date,Time,Change,Open,High,Low,Volume,Trade Date,Purchase Price,Quantity,Commission,High Limit,Low Limit,Comment
NOVA,11.03,2024/02/08,15:04 EST,0.67999935,10.23,11.175,10.25,4756675,,,,,,,
COF,135.05,2024/02/08,15:04 EST,1.0800018,133.89,135.5233,132.5,965347,,,,,,,
BAC,33.175,2024/02/08,15:04 EST,-0.005001068,33.05,33.275,32.8001,24714619,,,,,,,
JPM,174.69,2024/02/08,15:04 EST,-0.73999023,175.0,175.3058,173.57,3204098,,,,,,,
NVDA,699.84,2024/02/08,15:04 EST,-1.1499634,700.74,707.94,694.55,34620474,,,,,,,
META,469.33,2024/02/08,15:04 EST,-0.26000977,468.32,470.59,465.03,13805371,,,,,,,
AAPL,188.21,2024/02/08,15:04 EST,-1.199997,189.385,189.535,187.35,27349416,,,,,,,
GOOG,146.985,2024/02/08,15:04 EST,0.30500793,146.97,147.61,146.42,12643024,,,,,,,
TSLA,189.8901,2024/02/08,15:04 EST,2.3101044,189.0,191.6171,185.58,73360603,,,,,,,
MSFT,413.57,2024/02/08,15:04 EST,-0.47998047,414.05,415.56,412.53,12393018,,,,,,,
INTC,42.715,2024/02/08,15:04 EST,-0.06499863,42.72,42.97,42.33,18882134,,,,,,,
DUOL,184.68,2024/02/08,15:04 EST,2.2099915,184.12,187.97,182.54,317179,,,,,,,
NFLX,558.775,2024/02/08,15:04 EST,-0.5249634,560.55,563.7,555.74,2240562,,,,,,,
PLTR,24.938,2024/02/08,15:04 EST,1.3379993,23.96,25.06,23.32,181886940,,,,,,,
UBER,71.555,2024/02/08,15:04 EST,0.9049988,71.93,73.04,71.195,17200447,,,,,,,
DASH,118.1993,2024/02/08,15:04 EST,3.8693008,116.32,119.3,115.3168,2709690,,,,,,,
ABNB,150.3,2024/02/08,15:04 EST,2.75,149.25,150.34,148.07,2162179,,,,,,,
RBLX,44.414,2024/02/08,15:04 EST,-0.3260002,45.48,47.11,44.05,13557843,,,,,,,
RDFN,8.355,2024/02/08,15:03 EST,0.09499931,8.23,8.52,8.12,2989420,,,,,,,
AMC,4.13,2024/02/08,15:04 EST,0.19000006,3.98,4.14,3.95,8222656,,,,,,,
SPOT,240.33,2024/02/08,15:04 EST,-0.5,238.0,244.29,237.6508,2026509,,,,,,,
DIS,110.8699,2024/02/08,15:04 EST,11.729904,107.08,112.77,106.8,51382368,,,,,,,
COST,722.81,2024/02/08,15:04 EST,3.0299683,723.89,728.12,720.66,1172783,,,,,,,
BJ,66.86,2024/02/08,15:03 EST,0.8499985,66.15,67.545,66.23,435545,,,,,,,
AMZN,170.2101,2024/02/08,15:04 EST,-0.3199005,169.65,171.42,168.88,29617078,,,,,,,
JWN,19.195,2024/02/08,15:04 EST,0.7649994,18.65,19.2,18.495,1839483,,,,,,,
GPS,20.207,2024/02/08,15:04 EST,0.3369999,19.95,20.46,19.84,4793074,,,,,,,
CSCO,49.72,2024/02/08,15:04 EST,-0.049999237,49.9,49.99,49.55,8297769,,,,,,,
ADES,3.36,2024/01/31,16:00 EST,0.099999905,3.28,3.5489,3.2114,100969,,,,,,,
SAIA,546.37,2024/02/08,15:01 EST,10.349976,535.75,550.11,533.865,169432,,,,,,,
EXPR,3.88,2024/02/08,15:01 EST,0.0500002,3.91,3.8938,3.785,45174,,,,,,,
AXP,210.2499,2024/02/08,15:04 EST,1.1698914,208.25,211.16,207.95,2436976,,,,,,,
FOSL,1.065,2024/02/08,15:04 EST,-0.004999995,1.07,1.075,1.05,172451,,,,,,,
NKE,103.735,2024/02/08,15:04 EST,-0.055000305,104.43,104.96,103.045,4485153,,,,,,,
F,12.765,2024/02/08,15:04 EST,-0.034999847,12.87,12.9,12.54,53662265,,,,,,,
FSLR,143.865,2024/02/08,15:04 EST,-1.5950012,146.12,146.13,142.0,982383,,,,,,,
ARLO,8.695,2024/02/08,15:03 EST,0.21500015,8.53,8.81,8.535,430489,,,,,,,
TM,225.56,2024/02/08,15:03 EST,2.5099945,225.32,225.95,223.825,203711,,,,,,,
SBUX,96.325,2024/02/08,15:04 EST,1.5849991,95.1,96.341,93.925,5685740,,,,,,,
DOCN,36.76,2024/02/08,15:04 EST,1.2399979,35.34,36.78,35.0101,443438,,,,,,,
DOCU,51.48,2024/02/08,15:04 EST,0.16999817,51.47,52.32,50.9401,1781759,,,,,,,
CELH,58.415,2024/02/08,15:04 EST,0.64500046,57.97,59.05,57.506,2020558,,,,,,,
VWDRY,9.4,2024/02/08,14:38 EST,-0.21000004,9.5,9.5,9.35,57016,,,,,,,
SONY,96.1363,2024/02/08,15:04 EST,-1.123703,96.17,96.46,95.47,405590,,,,,,,
UAL,41.34,2024/02/08,15:04 EST,0.060001373,41.21,41.35,40.44,4739386,,,,,,,
TGT,147.44,2024/02/08,15:04 EST,0.7100067,147.01,149.07,146.85,1872704,,,,,,,
BEAM,28.285,2024/02/08,15:03 EST,0.71500015,27.55,28.42,27.35,360261,,,,,,,
CPRX,13.45,2024/02/08,15:02 EST,0.09999943,13.32,13.495,13.1161,597038,,,,,,,
CLSK,10.215,2024/02/08,15:04 EST,0.90499973,9.93,10.3916,9.53,25495361,,,,,,,
LLY,733.97,2024/02/08,15:04 EST,8.589966,728.32,740.77,725.97,3408918,,,,,,,
PFE,27.565,2024/02/08,15:04 EST,0.005001068,27.56,27.69,27.4103,18717551,,,,,,,
MRNA,96.5,2024/02/08,15:04 EST,-2.800003,99.0,99.0,96.01,2103088,,,,,,,
PGR,182.85,2024/02/08,15:04 EST,0.68000793,182.21,184.2468,181.89,1040284,,,,,,,
DFH,31.57,2024/02/08,15:03 EST,0.35,31.22,31.755,30.625,174903,,,,,,,
COIN,131.89,2024/02/08,15:04 EST,9.82,127.218,133.0499,125.81,9313244,,,,,,,
FCEL,1.2562,2024/02/08,15:04 EST,0.006199956,1.23,1.27,1.21,8990807,,,,,,,
PLUG,4.2066,2024/02/08,15:04 EST,-0.013399601,4.21,4.29,4.1,28224356,,,,,,,
NIO,5.875,2024/02/08,15:04 EST,0.0149998665,5.82,5.88,5.72,25189941,,,,,,,
RUN,15.68,2024/02/08,15:04 EST,0.3699999,15.26,15.745,15.09,8826869,,,,,,,
NOW,798.44,2024/02/08,15:04 EST,8.049988,792.0,800.3,790.84,633029,,,,,,,
SNOW,223.178,2024/02/08,15:04 EST,4.947998,219.3,226.29,218.31,4962181,,,,,,,
CRM,291.49,2024/02/08,15:04 EST,2.649994,289.3,293.11,288.98,2712332,,,,,,,
AKAM,126.95,2024/02/08,15:04 EST,1.3799973,125.09,127.335,125.055,923254,,,,,,,
SHOP,87.5399,2024/02/08,15:04 EST,2.3699036,85.03,91.4362,84.9,17509975,,,,,,,
TGTX,14.725,2024/02/08,15:04 EST,0.3550005,14.32,14.815,13.97,2987119,,,,,,,
RIVN,15.985,2024/02/08,15:04 EST,0.8149996,15.2,16.0112,15.15,19814107,,,,,,,
TWLO,70.535,2024/02/08,15:04 EST,0.8250046,69.71,71.14,69.26,1471508,,,,,,,
Z,56.965,2024/02/08,15:04 EST,-0.28499985,57.25,57.49,56.47,1272679,,,,,,,
HOOD,11.195,2024/02/08,15:04 EST,0.1949997,11.05,11.34,11.0,5705269,,,,,,,
SEDG,76.4,2024/02/08,15:04 EST,0.22000122,75.83,77.56,74.26,1339144,,,,,,,
CVNA,52.34,2024/02/08,15:04 EST,4.25,48.32,52.555,47.5413,5956581,,,,,,,
KMX,72.78,2024/02/08,15:04 EST,0.47999573,72.01,73.201,71.9,856308,,,,,,,
EXFY,1.675,2024/02/08,15:02 EST,0.06499994,1.61,1.7,1.61,296419,,,,,,,
AAL,14.925,2024/02/08,15:04 EST,0.015000343,14.98,14.99,14.605,20870196,,,,,,,
AMD,169.5428,2024/02/08,15:04 EST,-1.3972015,170.33,172.17,168.6,36210788,,,,,,,
BYND,6.49,2024/02/08,15:04 EST,0.27999973,6.34,6.5066,6.24,1290002,,,,,,,
AVPT,7.94,2024/02/08,15:03 EST,0.099999905,7.78,7.98,7.78,327276,,,,,,,
CHPT,2.095,2024/02/08,15:04 EST,0.14499998,1.96,2.1,1.94,9320683,,,,,,,
SOLO,0.2532,2024/02/08,15:02 EST,-0.008700013,0.26,0.2625,0.2401,525667,,,,,,,
NET,89.63,2024/02/08,15:04 EST,6.279999,83.75,89.7764,82.9,9510922,,,,,,,
CLLS,3.11,2024/02/08,15:00 EST,0.119999886,2.98,3.13,2.98,43574,,,,,,,
OKTA,84.77,2024/02/08,15:04 EST,1.2099991,83.34,85.475,82.705,769229,,,,,,,
GSK,41.815,2024/02/08,15:03 EST,-0.205002,41.82,41.885,41.445,3005923,,,,,,,
SQ,69.13,2024/02/08,15:04 EST,0.8199997,67.91,69.42,66.86,6222585,,,,,,,
SYK,338.465,2024/02/08,15:04 EST,-4.255005,340.72,341.91,337.08,706175,,,,,,,
SNY,46.305,2024/02/08,15:04 EST,-0.61499786,46.11,46.35,46.0,1826111,,,,,,,
SKLZ,6.26,2024/02/08,15:04 EST,0.5100002,5.76,6.26,5.76,157704,,,,,,,
BNGO,1.1899,2024/02/08,15:04 EST,0.069900036,1.12,1.2,1.12,764766,,,,,,,
VZ,39.7699,2024/02/08,15:04 EST,-0.6500969,40.3,40.37,39.44,13204045,,,,,,,
SAVA,25.37,2024/02/08,15:03 EST,-0.02999878,25.38,26.19,24.9,425515,,,,,,,
NPO,157.02,2024/02/08,14:40 EST,3.0900116,154.87,157.58,153.51,23636,,,,,,,
PACK,4.365,2024/02/08,15:03 EST,0.11499977,4.23,4.38,4.115,330648,,,,,,,
PAR,47.36,2024/02/08,15:01 EST,0.130001,47.39,48.5,46.93,58651,,,,,,,
CRWD,322.915,2024/02/08,15:04 EST,5.13501,316.71,323.929,314.0296,1922378,,,,,,,
FMX,139.0801,2024/02/08,15:04 EST,-0.309906,138.95,139.48,138.13,180284,,,,,,,
MNST,56.145,2024/02/08,15:04 EST,-0.31499863,56.49,56.53,56.005,2325791,,,,,,,
KR,45.215,2024/02/08,15:04 EST,0.5950012,44.51,45.2913,44.49,3582416,,,,,,,
CROX,103.52,2024/02/08,15:02 EST,3.5499954,100.97,103.64,99.36,574914,,,,,,,
MTH,154.28,2024/02/08,15:03 EST,0.8500061,153.92,154.86,152.18,257453,,,,,,,
AAP,64.45,2024/02/08,15:04 EST,-1.6399994,64.81,65.28,63.79,823667,,,,,,,
FLGT,25.18,2024/02/08,15:03 EST,-0.03999901,25.02,25.4,24.9667,77806,,,,,,,
CMBM,4.41,2024/02/08,15:04 EST,0.0,4.41,4.45,4.36,27692,,,,,,,
M,19.25,2024/02/08,15:04 EST,0.7099991,18.62,19.305,18.58,3691866,,,,,,,
KSS,27.135,2024/02/08,15:04 EST,1.0750008,26.16,27.55,25.79,2992543,,,,,,,
GOGO,9.924,2024/02/08,15:04 EST,-0.006000519,9.89,10.02,9.7801,377346,,,,,,,
APPS,3.7997,2024/02/08,15:04 EST,-1.2402999,4.22,4.2601,3.72,8358316,,,,,,,
MDB,475.82,2024/02/08,15:04 EST,18.429993,457.85,477.095,457.75,959854,,,,,,,
SPT,62.735,2024/02/08,15:04 EST,1.9949989,60.15,63.2,60.0,244420,,,,,,,
UPS,147.6,2024/02/08,15:04 EST,0.3600006,146.8,147.8499,145.855,1922680,,,,,,,
FDX,241.55,2024/02/08,15:03 EST,-0.580002,241.9,243.34,240.415,1209245,,,,,,,
BECN,86.23,2024/02/08,15:04 EST,1.3700027,87.75,87.75,84.86,215567,,,,,,,
HD,363.405,2024/02/08,15:04 EST,0.71499634,362.86,365.65,361.6485,1305957,,,,,,,
PYPL,56.065,2024/02/08,15:04 EST,-7.175003,57.98,58.59,55.88,56208493,,,,,,,
JNJ,156.22,2024/02/08,15:04 EST,-1.7599945,157.34,157.34,155.31,5919130,,,,,,,
BAYRY,7.505,2024/02/08,14:49 EST,-0.2750001,7.55,7.6,7.5,2098288,,,,,,,
GNK,17.915,2024/02/08,15:04 EST,-0.01499939,17.75,17.93,17.74,302679,,,,,,,
LULU,473.79,2024/02/08,15:03 EST,16.040009,463.27,476.62,460.975,1004765,,,,,,,
BLDR,184.6273,2024/02/08,15:04 EST,3.7173004,182.44,185.26,180.28,589198,,,,,,,
ROST,145.605,2024/02/08,15:04 EST,2.3549957,144.98,145.87,144.85,805718,,,,,,,
ROKU,95.5,2024/02/08,15:04 EST,1.0100021,95.75,98.54,93.09,4647292,,,,,,,
XPEL,53.06,2024/02/08,15:00 EST,0.97999954,52.08,53.68,52.08,49544,,,,,,,
HIBB,69.06,2024/02/08,15:03 EST,2.3199997,67.0,69.09,67.0,60948,,,,,,,
IBM,183.93,2024/02/08,15:04 EST,1.8499908,182.63,184.1589,181.49,2877977,,,,,,,
HP,38.69,2024/02/08,15:04 EST,-0.15000153,38.72,39.12,38.27,621182,,,,,,,
ADBE,614.64,2024/02/08,15:04 EST,-1.2099609,615.85,621.3394,612.51,1091436,,,,,,,
ADSK,260.87,2024/02/08,15:04 EST,2.4400024,258.08,262.9175,258.02,414485,,,,,,,
MU,85.205,2024/02/08,15:04 EST,0.035003662,85.51,86.0346,84.53,8284722,,,,,,,
TSM,132.95,2024/02/08,15:04 EST,7.9699936,127.0,133.68,126.11,26190402,,,,,,,
BIDU,103.42,2024/02/08,15:04 EST,-1.8800049,104.62,104.9,102.87,1373871,,,,,,,
GEN,20.84,2024/02/08,15:04 EST,-0.069999695,20.91,20.96,20.61,3446149,,,,,,,
BEP,24.49,2024/02/08,15:04 EST,-0.40999985,24.67,24.71,23.975,389654,,,,,,,
AER,77.31,2024/02/08,15:04 EST,-0.6399994,77.67,77.96,76.23,602925,,,,,,,
UNH,519.58,2024/02/08,15:04 EST,0.19000244,520.63,522.065,517.2834,1879223,,,,,,,
GM,38.635,2024/02/08,15:04 EST,-0.0850029,38.84,38.9399,38.42,10461540,,,,,,,
T,16.805,2024/02/08,15:04 EST,-0.5249996,17.3,17.3,16.75,42243903,,,,,,,
BIRK,48.36,2024/02/08,15:04 EST,2.4500008,46.04,48.74,45.7,286352,,,,,,,
GLW,31.6999,2024/02/08,15:04 EST,-0.09010124,31.71,31.8093,31.53,1922094,,,,,,,
X,46.355,2024/02/08,15:04 EST,0.28499985,46.07,46.38,45.91,2952032,,,,,,,
TMO,550.12,2024/02/08,15:02 EST,-2.19,552.2,552.86,541.49,1033986,,,,,,,
NEE,56.055,2024/02/08,15:04 EST,-0.32500076,56.42,56.38,55.385,5256900,,,,,,,
WBD,9.885,2024/02/08,15:04 EST,0.13500023,9.87,9.97,9.65,12746481,,,,,,,
BBY,75.39,2024/02/08,15:04 EST,-0.09000397,75.56,75.94,75.04,1026473,,,,,,,
DHI,143.685,2024/02/08,15:04 EST,-0.95500183,145.03,145.89,142.99,1180369,,,,,,,
WFC,48.345,2024/02/08,15:04 EST,-0.13499832,48.18,48.5,48.055,7457142,,,,,,,
VRTX,422.53,2024/02/08,15:03 EST,3.4500122,420.28,424.4761,417.14,871195,,,,,,,
STX,87.5531,2024/02/08,15:04 EST,0.79309845,86.7,88.26,85.7909,1013000,,,,,,,
BIIB,239.427,2024/02/08,15:04 EST,-1.1129913,239.89,240.54,237.535,371942,,,,,,,
ELV,502.89,2024/02/08,15:04 EST,5.100006,500.35,503.98,499.99,527566,,,,,,,
DAL,40.3981,2024/02/08,15:04 EST,0.18810272,40.3,40.4,39.55,4941507,,,,,,,
CTVA,53.135,2024/02/08,15:04 EST,-0.9350014,53.99,54.33,52.65,2731470,,,,,,,
LKQ,47.545,2024/02/08,15:04 EST,-0.025001526,47.29,47.62,47.125,686488,,,,,,,
BABA,70.925,2024/02/08,15:04 EST,-2.7149963,71.885,72.059,70.65,26122395,,,,,,,
WDC,57.335,2024/02/08,15:04 EST,-0.60499954,57.57,57.98,57.02,2497358,,,,,,,
WM,189.49,2024/02/08,15:04 EST,-0.48999023,190.18,190.44,188.56,668268,,,,,,,
CAT,323.685,2024/02/08,15:04 EST,0.09500122,324.67,326.43,321.4201,988700,,,,,,,
CAR,166.365,2024/02/08,15:03 EST,-0.04499817,164.64,166.48,161.6,189760,,,,,,,
BYDDY,47.0,2024/02/08,14:47 EST,0.0099983215,47.24,47.27,46.76,428107,,,,,,,
